benchmark,capacity,items,seconds,mitems_per_second,ns_per_item,p50_ns,p95_ns,p99_ns,validation_passed
same_thread_push_pop,1024,1000000,0.055992502,17.8595341212,55.992502,31,35,48,1
concurrent_transfer,1024,1000000,0.231206693,4.32513430742,231.206693,4197,154181,203161,1
same_thread_push_pop,1024,10000000,1.43365322,6.97518748641,143.365322,77,185,230,1
concurrent_transfer,1024,10000000,3.16663692,3.15792440139,316.663692,2297,114575,456228,1
same_thread_push_pop,65536,1000000,0.094636622,10.5667338803,94.636622,67,77,88,1
concurrent_transfer,65536,1000000,0.294386755,3.39689195596,294.386755,2207,9141,54857,1
same_thread_push_pop,65536,10000000,0.836829769,11.9498616928,83.6829769,58,64,74,1
concurrent_transfer,65536,10000000,2.90561566,3.44161140706,290.561566,1927,20898,195691,1
