benchmark,capacity,items,seconds,mitems_per_second,ns_per_item,p50_ns,p95_ns,p99_ns,validation_passed
same_thread_push_pop,1024,1000000,0.099039151,10.0970170877,99.039151,59,71,77,1
concurrent_transfer,1024,1000000,0.166812682,5.99474804919,166.812682,161635,200822,239589,1
same_thread_push_pop,1024,10000000,0.927929174,10.7766845576,92.7929174,56,62,72,1
concurrent_transfer,1024,10000000,1.620976201,6.16912203512,162.0976201,154128,190565,212470,1
same_thread_push_pop,65536,1000000,0.091469401,10.9326177833,91.469401,57,65,75,1
concurrent_transfer,65536,1000000,0.167618625,5.96592413283,167.618625,208449,480819,526644,1
same_thread_push_pop,65536,10000000,0.914089381,10.9398492181,91.4089381,55,60,67,1
concurrent_transfer,65536,10000000,1.550063691,6.4513478111,155.0063691,9990523,11158315,12113160,1
